id,sentence,label
fpb_2040,Reported operating margin was a negative 5.9 % .,negative
fpb_2135,Earnings per share ( EPS ) in 2005 decreased to EUR1 .87 from EUR1 .89 in 2003 .,negative
fpb_2184,"Alma Media 's operating profit amounted to EUR 11.9 mn , down from EUR 15.0 mn a year earlier .",negative
fpb_1176,"At the end of March 2009 , the company 's loans amounted to EUR 10.113 mn .",neutral
fpb_1205,Danske Bank is Denmark 's largest bank with 3.5 million customers .,neutral
fpb_1778,"The executive said that countries such as Brazil , Chile , Argentina and Mexico will lead the adoption in the business Ethernet services segment , while Brazil and Mexico will be the early adopters of carrier Ethernet for mobile backhaul .",neutral
fpb_0144,"Kesko 's car import and retailing business , VV-Auto , saw sales grow by 17.1 pct .",positive
fpb_0214,Commission income rose by 25.7 % to EUR 16.1 mn from EUR 12.8 mn in 2004 .,positive
fpb_0743,"`` Lining stone sales were also good in the early autumn , and order books are strong to the end of the year .",positive
